{"cameraMode":{"drawMode":0,"name":"Shaded","section":"Shading Mode"},"sceneLighting":true,"audioPlay":false,"sceneViewState":{"m_AlwaysRefresh":false,"showFog":true,"showSkybox":true,"showFlares":true,"showImageEffects":true,"showParticleSystems":true,"showVisualEffectGraphs":true,"m_FxEnabled":true},"in2DMode":false,"pivot":{"x":5.8701372146606449,"y":-1.0635643005371094,"z":-0.7201292514801025},"rotation":{"x":0.15606369078159333,"y":0.7653584480285645,"z":-0.20221863687038423,"w":0.5906965136528015},"size":7.788340091705322,"orthographic":false}