{"cameraMode":{"drawMode":0,"name":"Shaded","section":"Shading Mode"},"sceneLighting":true,"audioPlay":false,"sceneViewState":{"m_AlwaysRefresh":false,"showFog":true,"showSkybox":true,"showFlares":true,"showImageEffects":true,"showParticleSystems":true,"showVisualEffectGraphs":true,"m_FxEnabled":true},"in2DMode":false,"pivot":{"x":0.702589750289917,"y":4.382833003997803,"z":-1.0460433959960938},"rotation":{"x":0.002386590000241995,"y":0.9520437717437744,"z":-0.30581581592559817,"w":0.0074278791435062889},"size":14.865793228149414,"orthographic":false}