{"cameraMode":{"drawMode":0,"name":"Shaded","section":"Shading Mode"},"sceneLighting":false,"audioPlay":false,"sceneViewState":{"m_AlwaysRefresh":false,"showFog":true,"showSkybox":false,"showFlares":true,"showImageEffects":true,"showParticleSystems":true,"showVisualEffectGraphs":true,"m_FxEnabled":true},"in2DMode":false,"pivot":{"x":-1.8621704578399659,"y":0.2409524917602539,"z":-1.7006880044937134},"rotation":{"x":-0.5569626688957214,"y":0.30790773034095766,"z":-0.23324374854564668,"w":-0.7352185249328613},"size":1.4301797151565552,"orthographic":false}